product_id,product_handle,image_id,image_position,current_alt,current_filename,proposed_alt
9693183541564,2-x-stainless-steel-316-grade-game-rated-rod-holders,46286068711740,1,,image0_2.jpg,2 x Game Rated Rod Holders - Stainless Steel 316 Grade — main product photo
9693186982204,pair-of-316-grade-stainless-steel-mounting-legs-and-bases-for-vessel,46244548411708,1,,image0.jpg,Pair of 316 Grade Stainless Steel Mounting Legs and Bases for Vessel — main product photo
10065346887996,seaking-b01-fillet-table,41713188569404,1,,ScreenShot2023-06-16at9.14.44am.png,"SeaKing B01 Fiberglass Fillet Table (L25.6"" x W16.9"") — main product photo"
10065346887996,seaking-b01-fillet-table,41713188634940,2,,ScreenShot2023-06-16at9.14.56am.png,"SeaKing B01 Fiberglass Fillet Table (L25.6"" x W16.9"") — view 2"
10065346887996,seaking-b01-fillet-table,41713188667708,3,,ScreenShot2023-06-16at9.15.06am.png,"SeaKing B01 Fiberglass Fillet Table (L25.6"" x W16.9"") — view 3"
10065346887996,seaking-b01-fillet-table,41713188733244,4,,ScreenShot2023-06-16at9.15.13am.png,"SeaKing B01 Fiberglass Fillet Table (L25.6"" x W16.9"") — view 4"
10065433723196,seaking-b02-fillet-table,48199426703676,1,,bait-board-b02-4.png,"SeaKing B02 Fiberglass Fillet Table (L25.6"" x W16.9"") — main product photo"
10065433723196,seaking-b02-fillet-table,41715121422652,2,,ScreenShot2023-06-16at11.54.54am.png,"SeaKing B02 Fiberglass Fillet Table (L25.6"" x W16.9"") — view 2"
10065433723196,seaking-b02-fillet-table,48199426638140,3,,bait-board-b02-2.png,"SeaKing B02 Fiberglass Fillet Table (L25.6"" x W16.9"") — view 3"
10065433723196,seaking-b02-fillet-table,48199426769212,4,,bait-board-b02-5.png,"SeaKing B02 Fiberglass Fillet Table (L25.6"" x W16.9"") — view 4"
10065433723196,seaking-b02-fillet-table,48199426736444,5,,bait-board-b02.png,"SeaKing B02 Fiberglass Fillet Table (L25.6"" x W16.9"") — view 5"
10065433723196,seaking-b02-fillet-table,48199426670908,6,,bait-board-b02-3.png,"SeaKing B02 Fiberglass Fillet Table (L25.6"" x W16.9"") — view 6"
10065433723196,seaking-b02-fillet-table,41715121389884,7,,ScreenShot2023-06-16at11.54.47am.png,"SeaKing B02 Fiberglass Fillet Table (L25.6"" x W16.9"") — view 7"
10065433723196,seaking-b02-fillet-table,41715121357116,8,,ScreenShot2023-06-16at11.55.03am.png,"SeaKing B02 Fiberglass Fillet Table (L25.6"" x W16.9"") — view 8"
10065433723196,seaking-b02-fillet-table,41715121455420,9,,ScreenShot2023-06-16at11.55.11am.png,"SeaKing B02 Fiberglass Fillet Table (L25.6"" x W16.9"") — view 9"
10065438081340,seaking-b03-fiberglass-fillet-table,41715150225724,1,,ScreenShot2023-06-16at11.58.03am.png,"SeaKing B03 Fiberglass Fillet Table (L32.7"" x W16.9"") — main product photo"
10065438081340,seaking-b03-fiberglass-fillet-table,41715150291260,2,,ScreenShot2023-06-16at11.58.10am.png,"SeaKing B03 Fiberglass Fillet Table (L32.7"" x W16.9"") — view 2"
10065438081340,seaking-b03-fiberglass-fillet-table,41715150356796,3,,ScreenShot2023-06-16at11.58.16am.png,"SeaKing B03 Fiberglass Fillet Table (L32.7"" x W16.9"") — view 3"
10065438081340,seaking-b03-fiberglass-fillet-table,41715150192956,4,,ScreenShot2023-06-16at11.58.27am.png,"SeaKing B03 Fiberglass Fillet Table (L32.7"" x W16.9"") — view 4"
10065440211260,seaking-b04-fiberglass-fillet-table,48199967441212,1,,bait-board-b04.png,"SeaKing B04 Fiberglass Fillet Table (L32.7"" x W16.9"") — main product photo"
10065440211260,seaking-b04-fiberglass-fillet-table,48199967408444,2,,bait-board-b04-4.png,"SeaKing B04 Fiberglass Fillet Table (L32.7"" x W16.9"") — view 2"
10065440211260,seaking-b04-fiberglass-fillet-table,41715168870716,3,,ScreenShot2023-06-16at12.00.15pm.png,"SeaKing B04 Fiberglass Fillet Table (L32.7"" x W16.9"") — view 3"
10065440211260,seaking-b04-fiberglass-fillet-table,41715168936252,4,,ScreenShot2023-06-16at12.00.19pm.png,"SeaKing B04 Fiberglass Fillet Table (L32.7"" x W16.9"") — view 4"
10065440211260,seaking-b04-fiberglass-fillet-table,41715168903484,5,,ScreenShot2023-06-16at12.00.26pm.png,"SeaKing B04 Fiberglass Fillet Table (L32.7"" x W16.9"") — view 5"
10065440211260,seaking-b04-fiberglass-fillet-table,48199967506748,6,,bait-board-b04-2.png,"SeaKing B04 Fiberglass Fillet Table (L32.7"" x W16.9"") — view 6"
10065440211260,seaking-b04-fiberglass-fillet-table,48199967539516,7,,bait-board-b04-3.png,"SeaKing B04 Fiberglass Fillet Table (L32.7"" x W16.9"") — view 7"
8404120764732,bait-board-b01,41713188569404,1,,ScreenShot2023-06-16at9.14.44am.png,SeaKing Bait Board B01 (650mm x 430mm) — main product photo
8404120764732,bait-board-b01,41713188634940,2,,ScreenShot2023-06-16at9.14.56am.png,SeaKing Bait Board B01 (650mm x 430mm) — view 2
8404120764732,bait-board-b01,41713188667708,3,,ScreenShot2023-06-16at9.15.06am.png,SeaKing Bait Board B01 (650mm x 430mm) — view 3
8404120764732,bait-board-b01,41713188733244,4,,ScreenShot2023-06-16at9.15.13am.png,SeaKing Bait Board B01 (650mm x 430mm) — view 4
8404596654396,bait-board-b02,48199426703676,1,,bait-board-b02-4.png,SeaKing Bait Board B02 (650mm x 430mm) — main product photo
8404596654396,bait-board-b02,41715121422652,2,,ScreenShot2023-06-16at11.54.54am.png,SeaKing Bait Board B02 (650mm x 430mm) — view 2
8404596654396,bait-board-b02,48199426638140,3,,bait-board-b02-2.png,SeaKing Bait Board B02 (650mm x 430mm) — view 3
8404596654396,bait-board-b02,48199426769212,4,,bait-board-b02-5.png,SeaKing Bait Board B02 (650mm x 430mm) — view 4
8404596654396,bait-board-b02,48199426736444,5,,bait-board-b02.png,SeaKing Bait Board B02 (650mm x 430mm) — view 5
8404596654396,bait-board-b02,48199426670908,6,,bait-board-b02-3.png,SeaKing Bait Board B02 (650mm x 430mm) — view 6
8404596654396,bait-board-b02,41715121389884,7,,ScreenShot2023-06-16at11.54.47am.png,SeaKing Bait Board B02 (650mm x 430mm) — view 7
8404596654396,bait-board-b02,41715121357116,8,,ScreenShot2023-06-16at11.55.03am.png,SeaKing Bait Board B02 (650mm x 430mm) — view 8
8404596654396,bait-board-b02,41715121455420,9,,ScreenShot2023-06-16at11.55.11am.png,SeaKing Bait Board B02 (650mm x 430mm) — view 9
8404605632828,bait-board-b03,41715150225724,1,,ScreenShot2023-06-16at11.58.03am.png,SeaKing Bait Board B03 (830mm x 430mm) — main product photo
8404605632828,bait-board-b03,41715150291260,2,,ScreenShot2023-06-16at11.58.10am.png,SeaKing Bait Board B03 (830mm x 430mm) — view 2
8404605632828,bait-board-b03,41715150356796,3,,ScreenShot2023-06-16at11.58.16am.png,SeaKing Bait Board B03 (830mm x 430mm) — view 3
8404605632828,bait-board-b03,41715150192956,4,,ScreenShot2023-06-16at11.58.27am.png,SeaKing Bait Board B03 (830mm x 430mm) — view 4
8404611236156,bait-board-b04,48199967441212,1,,bait-board-b04.png,SeaKing Bait Board B04 (830mm x 430mm) — main product photo
8404611236156,bait-board-b04,48199967408444,2,,bait-board-b04-4.png,SeaKing Bait Board B04 (830mm x 430mm) — view 2
8404611236156,bait-board-b04,41715168870716,3,,ScreenShot2023-06-16at12.00.15pm.png,SeaKing Bait Board B04 (830mm x 430mm) — view 3
8404611236156,bait-board-b04,41715168936252,4,,ScreenShot2023-06-16at12.00.19pm.png,SeaKing Bait Board B04 (830mm x 430mm) — view 4
8404611236156,bait-board-b04,41715168903484,5,,ScreenShot2023-06-16at12.00.26pm.png,SeaKing Bait Board B04 (830mm x 430mm) — view 5
8404611236156,bait-board-b04,48199967506748,6,,bait-board-b04-2.png,SeaKing Bait Board B04 (830mm x 430mm) — view 6
8404611236156,bait-board-b04,48199967539516,7,,bait-board-b04-3.png,SeaKing Bait Board B04 (830mm x 430mm) — view 7
8404796047676,bait-board-sk-h10,48200124956988,1,,bait-board-h10-10.png,SeaKing Bait Board H10 (830mm x 400mm) — main product photo
8404796047676,bait-board-sk-h10,48200124891452,2,,bait-board-h10-5.png,SeaKing Bait Board H10 (830mm x 400mm) — view 2
8404796047676,bait-board-sk-h10,41716035617084,3,,ScreenShot2023-06-16at1.02.35pm.png,SeaKing Bait Board H10 (830mm x 400mm) — view 3
8404796047676,bait-board-sk-h10,41716035518780,4,,ScreenShot2023-06-16at1.02.45pm.png,SeaKing Bait Board H10 (830mm x 400mm) — view 4
8404796047676,bait-board-sk-h10,41716035584316,5,,ScreenShot2023-06-16at1.02.53pm.png,SeaKing Bait Board H10 (830mm x 400mm) — view 5
8404796047676,bait-board-sk-h10,41716035715388,6,,ScreenShot2023-06-16at1.03.00pm.png,SeaKing Bait Board H10 (830mm x 400mm) — view 6
8404796047676,bait-board-sk-h10,48200124858684,7,,bait-board-h10-2.png,SeaKing Bait Board H10 (830mm x 400mm) — view 7
8404796047676,bait-board-sk-h10,48200124924220,8,,bait-board-h10.png,SeaKing Bait Board H10 (830mm x 400mm) — view 8
8404796047676,bait-board-sk-h10,48200124989756,9,,bait-board-h10-6.png,SeaKing Bait Board H10 (830mm x 400mm) — view 9
8404796047676,bait-board-sk-h10,48200125022524,10,,bait-board-h10-3.png,SeaKing Bait Board H10 (830mm x 400mm) — view 10
8405033484604,bait-board-sk-h10b,41716900692284,1,,ScreenShot2023-06-16at2.16.18pm.png,SeaKing Bait Board H10B (830mm x 400mm) — main product photo
8405033484604,bait-board-sk-h10b,41716900725052,2,,ScreenShot2023-06-16at2.16.23pm.png,SeaKing Bait Board H10B (830mm x 400mm) — view 2
8405033484604,bait-board-sk-h10b,41716900626748,3,,ScreenShot2023-06-16at2.16.31pm.png,SeaKing Bait Board H10B (830mm x 400mm) — view 3
8405033484604,bait-board-sk-h10b,41716900823356,4,,ScreenShot2023-06-16at2.16.36pm.png,SeaKing Bait Board H10B (830mm x 400mm) — view 4
8405058552124,bait-board-hh-14,41716980023612,1,,ScreenShot2023-06-16at2.23.26pm.png,SeaKing Bait Board HH-14 (625mm x 390mm) — main product photo
8405058552124,bait-board-hh-14,41716979990844,2,,ScreenShot2023-06-16at2.23.32pm.png,SeaKing Bait Board HH-14 (625mm x 390mm) — view 2
8405078016316,bait-board-hj-15,48200316420412,1,,bait-board-hj15.png,SeaKing Bait Board HJ-15 (700mm x 415mm) — main product photo
8405078016316,bait-board-hj-15,41717031076156,2,,ScreenShot2023-06-16at2.29.42pm.png,SeaKing Bait Board HJ-15 (700mm x 415mm) — view 2
8405078016316,bait-board-hj-15,41717030945084,3,,ScreenShot2023-06-16at2.29.35pm.png,SeaKing Bait Board HJ-15 (700mm x 415mm) — view 3
8405078016316,bait-board-hj-15,48200316485948,4,,bait-board-hj15-2.png,SeaKing Bait Board HJ-15 (700mm x 415mm) — view 4
8405078016316,bait-board-hj-15,48200316518716,5,,bait-board-hj15-3.png,SeaKing Bait Board HJ-15 (700mm x 415mm) — view 5
8405040136508,bait-board-jj-12,48200150057276,1,,bait-board-jj12-3.png,SeaKing Bait Board JJ-12 (600mm X 350mm) — main product photo
8405040136508,bait-board-jj-12,41716929691964,2,,ScreenShot2023-06-16at2.19.27pm.png,SeaKing Bait Board JJ-12 (600mm X 350mm) — view 2
8405040136508,bait-board-jj-12,41716930740540,3,,ScreenShot2023-06-16at2.19.34pm.png,SeaKing Bait Board JJ-12 (600mm X 350mm) — view 3
8405040136508,bait-board-jj-12,48200149991740,4,,bait-board-jj12-4.png,SeaKing Bait Board JJ-12 (600mm X 350mm) — view 4
8405040136508,bait-board-jj-12,48200150024508,5,,bait-board-jj12-2.png,SeaKing Bait Board JJ-12 (600mm X 350mm) — view 5
8405040136508,bait-board-jj-12,48200150090044,6,,bait-board-jj12.png,SeaKing Bait Board JJ-12 (600mm X 350mm) — view 6
8404755743036,bait-board-sk-e09,48200709472572,1,,bait-board-b09-5.png,SeaKing Bait Board SK-E09 (820mm x 460mm) — main product photo
8404755743036,bait-board-sk-e09,41715863683388,2,,ScreenShot2023-06-16at12.50.34pm.png,SeaKing Bait Board SK-E09 (820mm x 460mm) — view 2
8404755743036,bait-board-sk-e09,41715863617852,3,,ScreenShot2023-06-16at12.50.56pm.png,SeaKing Bait Board SK-E09 (820mm x 460mm) — view 3
8404755743036,bait-board-sk-e09,41715863585084,4,,ScreenShot2023-06-16at12.51.01pm.png,SeaKing Bait Board SK-E09 (820mm x 460mm) — view 4
8404755743036,bait-board-sk-e09,41715863650620,5,,ScreenShot2023-06-16at12.51.08pm.png,SeaKing Bait Board SK-E09 (820mm x 460mm) — view 5
8404755743036,bait-board-sk-e09,48200709505340,6,,bait-board-b09-3.png,SeaKing Bait Board SK-E09 (820mm x 460mm) — view 6
8404755743036,bait-board-sk-e09,48200709538108,7,,bait-board-b09.png,SeaKing Bait Board SK-E09 (820mm x 460mm) — view 7
8404755743036,bait-board-sk-e09,48200709570876,8,,bait-board-b09-2.png,SeaKing Bait Board SK-E09 (820mm x 460mm) — view 8
8404755743036,bait-board-sk-e09,48200709603644,9,,bait-board-b09-4.png,SeaKing Bait Board SK-E09 (820mm x 460mm) — view 9
8404755743036,bait-board-sk-e09,48200709636412,10,,bait-board-b09-6.png,SeaKing Bait Board SK-E09 (820mm x 460mm) — view 10
8404771209532,bait-board-sk-e09-blk,41715952419132,1,,ScreenShot2023-06-16at12.57.00pm.png,SeaKing Bait Board SK-E09 - Black (820mm x 460mm) — main product photo
8404771209532,bait-board-sk-e09-blk,41715954155836,2,,ScreenShot2023-06-16at12.57.08pm.png,SeaKing Bait Board SK-E09 - Black (820mm x 460mm) — view 2
8404771209532,bait-board-sk-e09-blk,41715956482364,3,,ScreenShot2023-06-16at12.57.13pm.png,SeaKing Bait Board SK-E09 - Black (820mm x 460mm) — view 3
8404771209532,bait-board-sk-e09-blk,41715957334332,4,,ScreenShot2023-06-16at12.57.20pm.png,SeaKing Bait Board SK-E09 - Black (820mm x 460mm) — view 4
8404636762428,bait-board-sk-j07,48200021377340,1,,bait-board-j07-2.png,SeaKing Bait Board SK-J07 (700mm x 420mm) — main product photo
8404636762428,bait-board-sk-j07,48200021475644,2,,bait-board-j07-5.png,SeaKing Bait Board SK-J07 (700mm x 420mm) — view 2
8404636762428,bait-board-sk-j07,46300541616444,3,,image0_3.jpg,SeaKing Bait Board SK-J07 (700mm x 420mm) — view 3
8404636762428,bait-board-sk-j07,46300541583676,4,,image1.jpg,SeaKing Bait Board SK-J07 (700mm x 420mm) — view 4
8404636762428,bait-board-sk-j07,48200021442876,5,,bait-board-j07.png,SeaKing Bait Board SK-J07 (700mm x 420mm) — view 5
8404636762428,bait-board-sk-j07,48200021410108,6,,bait-board-j07-4.png,SeaKing Bait Board SK-J07 (700mm x 420mm) — view 6
8404636762428,bait-board-sk-j07,48200021508412,7,,bait-board-j07-3.png,SeaKing Bait Board SK-J07 (700mm x 420mm) — view 7
8404684931388,bait-board-sk-k08-blk,41715510313276,1,,ScreenShot2023-06-16at12.29.28pm.png,SeaKing Bait Board SK-K08 - BLK (700mm x 420mm) — main product photo
8404684931388,bait-board-sk-k08-blk,41715510346044,2,,ScreenShot2023-06-16at12.29.39pm.png,SeaKing Bait Board SK-K08 - BLK (700mm x 420mm) — view 2
8404684931388,bait-board-sk-k08-blk,41715510247740,3,,ScreenShot2023-06-16at12.29.50pm.png,SeaKing Bait Board SK-K08 - BLK (700mm x 420mm) — view 3
8404684931388,bait-board-sk-k08-blk,41715510280508,4,,ScreenShot2023-06-16at12.30.22pm.png,SeaKing Bait Board SK-K08 - BLK (700mm x 420mm) — view 4
8404632240444,bait-board-skl-l06,41715257999676,1,,ScreenShot2023-06-16at12.08.49pm.png,SeaKing Bait Board SKL-L06 (900mm x 500mm) — main product photo
8404632240444,bait-board-skl-l06,41715258163516,2,,ScreenShot2023-06-16at12.09.00pm.png,SeaKing Bait Board SKL-L06 (900mm x 500mm) — view 2
8404632240444,bait-board-skl-l06,41715258097980,3,,ScreenShot2023-06-16at12.09.08pm.png,SeaKing Bait Board SKL-L06 (900mm x 500mm) — view 3
8404632240444,bait-board-skl-l06,41715258032444,4,,ScreenShot2023-06-16at12.09.13pm.png,SeaKing Bait Board SKL-L06 (900mm x 500mm) — view 4
8404618084668,bait-board-skl-s05,41715201802556,1,,ScreenShot2023-06-16at12.02.51pm.png,SeaKing Bait Board SKL-S05 (720mm x 500mm) — main product photo
8404618084668,bait-board-skl-s05,41715201605948,2,,ScreenShot2023-06-16at12.02.59pm.png,SeaKing Bait Board SKL-S05 (720mm x 500mm) — view 2
8404618084668,bait-board-skl-s05,41715201704252,3,,ScreenShot2023-06-16at12.03.03pm.png,SeaKing Bait Board SKL-S05 (720mm x 500mm) — view 3
8404618084668,bait-board-skl-s05,41715201638716,4,,ScreenShot2023-06-16at12.02.45pm.png,SeaKing Bait Board SKL-S05 (720mm x 500mm) — view 4
8405049049404,bait-board-sq-13,41716955218236,1,,ScreenShot2023-06-16at2.21.13pm.png,SeaKing Bait Board SQ-13 (700mm x 350mm) — main product photo
8405049049404,bait-board-sq-13,41716955185468,2,,ScreenShot2023-06-16at2.21.19pm.png,SeaKing Bait Board SQ-13 (700mm x 350mm) — view 2
8405088108860,bait-boards-leaning-post-top-skl-11,41717078131004,1,,ScreenShot2023-06-16at2.33.05pm.png,SeaKing Bait Boards Leaning Post Top SKL-11 (700mm x 280mm) — main product photo
8405088108860,bait-boards-leaning-post-top-skl-11,41717078262076,2,,ScreenShot2023-06-16at2.33.13pm.png,SeaKing Bait Boards Leaning Post Top SKL-11 (700mm x 280mm) — view 2
8405100495164,bases-and-legs,41717120172348,1,,ScreenShot2023-06-16at2.37.41pm.png,SeaKing Bases and Legs — main product photo
10065448927548,seaking-e09-black-fiberglass-fillet-table,41715952419132,1,,ScreenShot2023-06-16at12.57.00pm.png,"SeaKing E09 Black Fiberglass Fillet Table (L32.3"" x W18.1"") — main product photo"
10065448927548,seaking-e09-black-fiberglass-fillet-table,41715954155836,2,,ScreenShot2023-06-16at12.57.08pm.png,"SeaKing E09 Black Fiberglass Fillet Table (L32.3"" x W18.1"") — view 2"
10065448927548,seaking-e09-black-fiberglass-fillet-table,41715956482364,3,,ScreenShot2023-06-16at12.57.13pm.png,"SeaKing E09 Black Fiberglass Fillet Table (L32.3"" x W18.1"") — view 3"
10065448927548,seaking-e09-black-fiberglass-fillet-table,41715957334332,4,,ScreenShot2023-06-16at12.57.20pm.png,"SeaKing E09 Black Fiberglass Fillet Table (L32.3"" x W18.1"") — view 4"
10065448698172,seaking-e09-white-fiberglass-fillet-table,48200709472572,1,,bait-board-b09-5.png,"SeaKing E09 White Fiberglass Fillet Table (L32.3"" x W18.1"") — main product photo"
10065448698172,seaking-e09-white-fiberglass-fillet-table,41715863683388,2,,ScreenShot2023-06-16at12.50.34pm.png,"SeaKing E09 White Fiberglass Fillet Table (L32.3"" x W18.1"") — view 2"
10065448698172,seaking-e09-white-fiberglass-fillet-table,41715863617852,3,,ScreenShot2023-06-16at12.50.56pm.png,"SeaKing E09 White Fiberglass Fillet Table (L32.3"" x W18.1"") — view 3"
10065448698172,seaking-e09-white-fiberglass-fillet-table,41715863585084,4,,ScreenShot2023-06-16at12.51.01pm.png,"SeaKing E09 White Fiberglass Fillet Table (L32.3"" x W18.1"") — view 4"
10065448698172,seaking-e09-white-fiberglass-fillet-table,41715863650620,5,,ScreenShot2023-06-16at12.51.08pm.png,"SeaKing E09 White Fiberglass Fillet Table (L32.3"" x W18.1"") — view 5"
10065448698172,seaking-e09-white-fiberglass-fillet-table,48200709505340,6,,bait-board-b09-3.png,"SeaKing E09 White Fiberglass Fillet Table (L32.3"" x W18.1"") — view 6"
10065448698172,seaking-e09-white-fiberglass-fillet-table,48200709538108,7,,bait-board-b09.png,"SeaKing E09 White Fiberglass Fillet Table (L32.3"" x W18.1"") — view 7"
10065448698172,seaking-e09-white-fiberglass-fillet-table,48200709570876,8,,bait-board-b09-2.png,"SeaKing E09 White Fiberglass Fillet Table (L32.3"" x W18.1"") — view 8"
10065448698172,seaking-e09-white-fiberglass-fillet-table,48200709603644,9,,bait-board-b09-4.png,"SeaKing E09 White Fiberglass Fillet Table (L32.3"" x W18.1"") — view 9"
10065448698172,seaking-e09-white-fiberglass-fillet-table,48200709636412,10,,bait-board-b09-6.png,"SeaKing E09 White Fiberglass Fillet Table (L32.3"" x W18.1"") — view 10"
8405097316668,rod-holders,41717115748668,1,,ScreenShot2023-06-16at2.37.08pm.png,SeaKing Game Rated Rod Holder — main product photo
10065449419068,seaking-h10-black-fiberglass-fillet-table,41716900692284,1,,ScreenShot2023-06-16at2.16.18pm.png,"SeaKing H10 Black Fiberglass Fillet Table (L32.7"" x W15.7"") — main product photo"
10065449419068,seaking-h10-black-fiberglass-fillet-table,41716900725052,2,,ScreenShot2023-06-16at2.16.23pm.png,"SeaKing H10 Black Fiberglass Fillet Table (L32.7"" x W15.7"") — view 2"
10065449419068,seaking-h10-black-fiberglass-fillet-table,41716900626748,3,,ScreenShot2023-06-16at2.16.31pm.png,"SeaKing H10 Black Fiberglass Fillet Table (L32.7"" x W15.7"") — view 3"
10065449419068,seaking-h10-black-fiberglass-fillet-table,41716900823356,4,,ScreenShot2023-06-16at2.16.36pm.png,"SeaKing H10 Black Fiberglass Fillet Table (L32.7"" x W15.7"") — view 4"
10065449222460,seaking-h10-white-fiberglass-fillet-table,48200124956988,1,,bait-board-h10-10.png,"SeaKing H10 White Fiberglass Fillet Table (L32.7"" x W15.7"") — main product photo"
10065449222460,seaking-h10-white-fiberglass-fillet-table,48200124891452,2,,bait-board-h10-5.png,"SeaKing H10 White Fiberglass Fillet Table (L32.7"" x W15.7"") — view 2"
10065449222460,seaking-h10-white-fiberglass-fillet-table,41716035617084,3,,ScreenShot2023-06-16at1.02.35pm.png,"SeaKing H10 White Fiberglass Fillet Table (L32.7"" x W15.7"") — view 3"
10065449222460,seaking-h10-white-fiberglass-fillet-table,41716035518780,4,,ScreenShot2023-06-16at1.02.45pm.png,"SeaKing H10 White Fiberglass Fillet Table (L32.7"" x W15.7"") — view 4"
10065449222460,seaking-h10-white-fiberglass-fillet-table,41716035584316,5,,ScreenShot2023-06-16at1.02.53pm.png,"SeaKing H10 White Fiberglass Fillet Table (L32.7"" x W15.7"") — view 5"
10065449222460,seaking-h10-white-fiberglass-fillet-table,41716035715388,6,,ScreenShot2023-06-16at1.03.00pm.png,"SeaKing H10 White Fiberglass Fillet Table (L32.7"" x W15.7"") — view 6"
10065449222460,seaking-h10-white-fiberglass-fillet-table,48200124858684,7,,bait-board-h10-2.png,"SeaKing H10 White Fiberglass Fillet Table (L32.7"" x W15.7"") — view 7"
10065449222460,seaking-h10-white-fiberglass-fillet-table,48200124924220,8,,bait-board-h10.png,"SeaKing H10 White Fiberglass Fillet Table (L32.7"" x W15.7"") — view 8"
10065449222460,seaking-h10-white-fiberglass-fillet-table,48200124989756,9,,bait-board-h10-6.png,"SeaKing H10 White Fiberglass Fillet Table (L32.7"" x W15.7"") — view 9"
10065449222460,seaking-h10-white-fiberglass-fillet-table,48200125022524,10,,bait-board-h10-3.png,"SeaKing H10 White Fiberglass Fillet Table (L32.7"" x W15.7"") — view 10"
10065450795324,seaking-hh14-fiberglass-fillet-table,41716980023612,1,,ScreenShot2023-06-16at2.23.26pm.png,"SeaKing HH14 Fiberglass Fillet Table (L27.6"" x W12.6"") — main product photo"
10065450795324,seaking-hh14-fiberglass-fillet-table,41716979990844,2,,ScreenShot2023-06-16at2.23.32pm.png,"SeaKing HH14 Fiberglass Fillet Table (L27.6"" x W12.6"") — view 2"
10065450893628,seaking-hj15-fiberglass-fillet-table,48200316420412,1,,bait-board-hj15.png,"SeaKing HJ15 Fiberglass Fillet Table (L27.6"" x W12.6"") — main product photo"
10065450893628,seaking-hj15-fiberglass-fillet-table,41717031076156,2,,ScreenShot2023-06-16at2.29.42pm.png,"SeaKing HJ15 Fiberglass Fillet Table (L27.6"" x W12.6"") — view 2"
10065450893628,seaking-hj15-fiberglass-fillet-table,41717030945084,3,,ScreenShot2023-06-16at2.29.35pm.png,"SeaKing HJ15 Fiberglass Fillet Table (L27.6"" x W12.6"") — view 3"
10065450893628,seaking-hj15-fiberglass-fillet-table,48200316485948,4,,bait-board-hj15-2.png,"SeaKing HJ15 Fiberglass Fillet Table (L27.6"" x W12.6"") — view 4"
10065450893628,seaking-hj15-fiberglass-fillet-table,48200316518716,5,,bait-board-hj15-3.png,"SeaKing HJ15 Fiberglass Fillet Table (L27.6"" x W12.6"") — view 5"
10065448042812,seaking-j07-fiberglass-fillet-table,48200021377340,1,,bait-board-j07-2.png,"SeaKing J07 Fiberglass Fillet Table (L27.6"" x W16.5"") — main product photo"
10065448042812,seaking-j07-fiberglass-fillet-table,48200021475644,2,,bait-board-j07-5.png,"SeaKing J07 Fiberglass Fillet Table (L27.6"" x W16.5"") — view 2"
10065448042812,seaking-j07-fiberglass-fillet-table,46300541616444,3,,image0_3.jpg,"SeaKing J07 Fiberglass Fillet Table (L27.6"" x W16.5"") — view 3"
10065448042812,seaking-j07-fiberglass-fillet-table,46300541583676,4,,image1.jpg,"SeaKing J07 Fiberglass Fillet Table (L27.6"" x W16.5"") — view 4"
10065448042812,seaking-j07-fiberglass-fillet-table,48200021442876,5,,bait-board-j07.png,"SeaKing J07 Fiberglass Fillet Table (L27.6"" x W16.5"") — view 5"
10065448042812,seaking-j07-fiberglass-fillet-table,48200021410108,6,,bait-board-j07-4.png,"SeaKing J07 Fiberglass Fillet Table (L27.6"" x W16.5"") — view 6"
10065448042812,seaking-j07-fiberglass-fillet-table,48200021508412,7,,bait-board-j07-3.png,"SeaKing J07 Fiberglass Fillet Table (L27.6"" x W16.5"") — view 7"
10065450041660,seaking-jj12-fiberglass-fillet-table,48200150057276,1,,bait-board-jj12-3.png,"SeaKing JJ12 Fiberglass Fillet Table (L23.6"" x W13.8"") — main product photo"
10065450041660,seaking-jj12-fiberglass-fillet-table,41716929691964,2,,ScreenShot2023-06-16at2.19.27pm.png,"SeaKing JJ12 Fiberglass Fillet Table (L23.6"" x W13.8"") — view 2"
10065450041660,seaking-jj12-fiberglass-fillet-table,41716930740540,3,,ScreenShot2023-06-16at2.19.34pm.png,"SeaKing JJ12 Fiberglass Fillet Table (L23.6"" x W13.8"") — view 3"
10065450041660,seaking-jj12-fiberglass-fillet-table,48200149991740,4,,bait-board-jj12-4.png,"SeaKing JJ12 Fiberglass Fillet Table (L23.6"" x W13.8"") — view 4"
10065450041660,seaking-jj12-fiberglass-fillet-table,48200150024508,5,,bait-board-jj12-2.png,"SeaKing JJ12 Fiberglass Fillet Table (L23.6"" x W13.8"") — view 5"
10065450041660,seaking-jj12-fiberglass-fillet-table,48200150090044,6,,bait-board-jj12.png,"SeaKing JJ12 Fiberglass Fillet Table (L23.6"" x W13.8"") — view 6"
10065448272188,seaking-k08-fiberglass-fillet-table,41715510313276,1,,ScreenShot2023-06-16at12.29.28pm.png,"SeaKing K08 Fiberglass Fillet Table (L27.6"" x W16.5"") — main product photo"
10065448272188,seaking-k08-fiberglass-fillet-table,41715510346044,2,,ScreenShot2023-06-16at12.29.39pm.png,"SeaKing K08 Fiberglass Fillet Table (L27.6"" x W16.5"") — view 2"
10065448272188,seaking-k08-fiberglass-fillet-table,41715510247740,3,,ScreenShot2023-06-16at12.29.50pm.png,"SeaKing K08 Fiberglass Fillet Table (L27.6"" x W16.5"") — view 3"
10065448272188,seaking-k08-fiberglass-fillet-table,41715510280508,4,,ScreenShot2023-06-16at12.30.22pm.png,"SeaKing K08 Fiberglass Fillet Table (L27.6"" x W16.5"") — view 4"
10065451450684,seaking-leaning-post-black-fiberglass-fillet-table,41717103132988,1,,ScreenShot2023-06-16at2.35.36pm.png,"SeaKing Leaning Post Black Fiberglass Fillet Table (L27.6"" x W11.0"") — main product photo"
10065451450684,seaking-leaning-post-black-fiberglass-fillet-table,41717103198524,2,,ScreenShot2023-06-16at2.35.45pm.png,"SeaKing Leaning Post Black Fiberglass Fillet Table (L27.6"" x W11.0"") — view 2"
8405093581116,leaning-post-top-only-blk,41717103132988,1,,ScreenShot2023-06-16at2.35.36pm.png,SeaKing Leaning Post Top Only - BLK (700mm x 280mm) — main product photo
8405093581116,leaning-post-top-only-blk,41717103198524,2,,ScreenShot2023-06-16at2.35.45pm.png,SeaKing Leaning Post Top Only - BLK (700mm x 280mm) — view 2
10065451745596,seaking-leaning-post-white-fiberglass-fillet-table,41717078131004,1,,ScreenShot2023-06-16at2.33.05pm.png,"SeaKing Leaning Post White Fiberglass Fillet Table (L27.6"" x W11.0"") — main product photo"
10065451745596,seaking-leaning-post-white-fiberglass-fillet-table,41717078262076,2,,ScreenShot2023-06-16at2.33.13pm.png,"SeaKing Leaning Post White Fiberglass Fillet Table (L27.6"" x W11.0"") — view 2"
10065450172732,seaking-sq13-fiberglass-fillet-table,41716955218236,1,,ScreenShot2023-06-16at2.21.13pm.png,"SeaKing SQ13 Fiberglass Fillet Table (L27.6"" x W12.6"") — main product photo"
10065450172732,seaking-sq13-fiberglass-fillet-table,41716955185468,2,,ScreenShot2023-06-16at2.21.19pm.png,"SeaKing SQ13 Fiberglass Fillet Table (L27.6"" x W12.6"") — view 2"
9811142967612,upgrades-optional-add-on-1733631328749,49683470025020,1,Pair of 316 Grade Stainless Steel Mounting Legs and Bases for Vessel,pairoflegs_304aa1d3-0a8a-4c0e-b49b-5b9c2fcc790c.jpg,Upgrades (Optional Add on) — main product photo
9811143295292,upgrades-optional-add-on-1733631467365,49683468976444,1,Pair of 316 Grade Stainless Steel Mounting Legs and Bases for Vessel (Discounted bundle)),pairoflegs_0bd65948-51e3-4b66-83e8-3a5adbcefb0d.jpg,Upgrades (Optional Add on) — main product photo
9811143295292,upgrades-optional-add-on-1733631467365,49683469041980,2,2 x Game Rated Rod Holders - Stainless Steel 316 Grade,image0_2_ddf05f26-0ee9-4a66-9bd3-b82afbd04064.jpg,Upgrades (Optional Add on) — view 2
9811143295292,upgrades-optional-add-on-1733631467365,49683469861180,3,2 x Game Rated Rod Holders - Stainless Steel 316 Grade,image0_2_e0f60f3c-c675-4387-bf9c-ba29eae563a8.jpg,Upgrades (Optional Add on) — view 3
9811143295292,upgrades-optional-add-on-1733631467365,49683469828412,4,Pair of 316 Grade Stainless Steel Mounting Legs and Bases for Vessel,pairoflegs_48151931-168a-40eb-8689-9879b0e1ed88.jpg,Upgrades (Optional Add on) — view 4